SquareFootage,Bedrooms,Bathrooms,DistanceToSchool,Price
249.81604753894499,6,3,2.5763073902074414,288300.7860609035
480.2857225639665,1,2,19.132672381432556,487459.18808767997
392.797576724562,1,3,15.979987510653327,403601.57922243135
339.46339367881467,1,1,5.253754766876091,346412.64272543945
162.40745617697462,5,4,11.812229156567582,197045.01034566108
162.39780813448107,4,3,19.648377250093624,187468.13268446235
123.23344486727979,5,3,17.69555966481691,153694.3329343164
446.47045830997405,4,4,12.05588908419974,476059.2804931341
340.4460046972835,5,3,18.084106946787884,370829.18330792594
383.2290311184182,5,3,19.784779705285843,413272.075177361
108.23379771832097,6,2,14.89272117558312,141255.25348320435
487.96394086479773,3,4,1.3932295487095911,514685.2949550558
432.9770563201687,5,1,8.0914467048672,459358.76697919524
184.93564427131048,6,3,16.772732132136586,220581.09784488316
172.72998688284025,2,4,4.688326996519877,193792.32148353627
173.36180394137352,3,2,16.62978610323743,191035.84672072603
221.69689718381508,5,1,2.494741364496419,249197.9489109158
309.9025726528952,1,4,1.0342126072414788,326695.7301314469
272.7780074568463,2,1,7.743403168675865,284229.32682311116
216.49165607921677,2,1,0.8309655547896111,229325.46296825886
344.74115788895176,6,1,19.14967823336818,373911.2222422781
155.79754426081672,2,3,16.54149334629992,171489.2455915567
216.85785941408727,3,3,16.035316773884514,237650.79605931035
246.5447373174767,5,2,12.632580667623445,275018.22118395194
282.4279936868144,5,2,4.404848058427414,312547.0240751289
414.07038455720544,1,4,10.413381296860203,428987.7082978334
179.8695128633439,6,2,11.985754041363785,213472.36205507113
305.69377536544465,1,1,10.548126867119336,311584.1499920208
336.965827544817,2,1,5.278644022235392,348910.0987403699
118.58016508799909,1,3,10.353433693863044,130509.47834922647
343.01794076057536,3,1,9.874608183285668,359043.0191239182
168.2096494749166,5,4,19.927081938553812,201224.23308720585
126.0206371941118,2,1,17.958979346119456,135428.8413248879
479.5542149013333,1,1,9.321276889490836,485689.9595234351
486.25281322982374,6,4,12.496453920408861,525753.5224457419
423.35893924658444,3,2,14.982644921435346,441362.4102622974
221.84550766934828,3,2,0.7938166886531156,242686.74433161764
139.06884560255355,1,4,17.908936680434014,152487.05826646675
373.69321060486277,5,3,17.216523646716684,404249.90587551944
276.0609974958405,1,1,9.202898745696775,282220.41774670116
148.81529393791152,2,4,7.884278344999557,169238.4382689116
298.0707640445081,1,1,5.531891559640666,304964.38573258
113.75540844608736,3,3,9.58586888377433,135838.23466933248
463.7281608315128,1,1,0.9830956043114116,471531.54171065055
203.51199264000678,5,4,17.058651313605456,237100.2623772857
365.0089137415928,6,1,0.8049051315290469,397847.93271528697
224.6844304357644,4,2,6.648122170860432,249354.8060015923
308.0272084711243,1,3,18.6386308175479,318299.4823076147
318.68411173731187,5,3,14.730731825016708,349737.9653723085
173.94178221021082,5,3,5.699680115492782,206801.84618711224
487.83385110582344,6,4,5.127716969821613,528808.3077118591
410.05312934444584,3,3,0.20113458237871673,434012.9024279701
475.7995766256756,5,2,13.944714427710027,504010.6337401336
457.93094017105955,5,4,1.0707932752961444,494716.78151600034
339.1599915244341,5,2,10.698790136075164,368020.23349721904
468.74969400924675,5,1,19.24622725458179,492900.4485583304
135.3970008207678,2,1,2.2784303150836323,147941.31475775107
178.3931449676581,2,1,17.90015062626454,187813.1148424052
118.09091556421522,3,1,19.83035916938646,132124.84373033792
230.13213230530573,1,2,1.3241888221607776,240867.29454087358
255.4709158757928,5,4,17.66983475583548,288936.9489246257
208.53961270955836,6,4,10.36997250682797,248465.61820819278
431.4950036607717,1,3,18.139623016947144,441867.0790573823
242.70133067743572,6,2,11.469246944199524,276407.4812885958
212.3738038749523,1,1,13.276029001120635,217718.5980747282
317.0784332632994,3,2,10.921200269148244,335894.1932094698
156.36968998990505,5,3,17.303408318116237,186909.0083262818
420.8787923016159,5,3,14.704807387178663,451937.83082418016
129.82025747190832,4,2,10.473080212390256,153725.64142943028
494.7547746402069,6,2,17.376400000625786,527279.4946400818
408.89790771866296,1,2,4.981182091881157,418901.6713002868
179.48627261366897,1,4,3.2310791280802666,195840.0567880529
102.20884684944096,2,1,3.2919620960684344,114550.45443022727
426.18457138193367,4,2,6.746776687030233,450835.2160445276
382.74293753904686,2,2,4.849931622890248,397772.9512144688
391.60286721639494,2,2,18.608797975143798,403881.10762136616
408.5081386743783,2,3,2.2060984671888213,427066.91898094054
129.61786069363615,6,3,14.009915686987794,165815.87755623859
243.38629141770903,6,4,3.865508641721617,284613.1896893647
146.34762381005189,3,1,17.644578942129968,160818.70802162588
445.2413703502374,3,4,19.23017423487966,468395.3355032615
349.3192507310232,2,1,9.362853174522671,360446.68009611865
232.35920994105967,4,3,17.59352245653982,257840.5054497517
125.42334011440946,1,3,0.20238889801882387,139382.8623348057
224.3929286862649,6,3,16.416943656421193,260109.53995498066
230.07332881069883,4,4,4.649640714345978,261143.4006678296
391.84247133522564,5,2,18.183156054460422,419205.8401243335
355.0229885420853,6,2,0.1222902184541788,390998.53049839445
454.88509703053063,6,3,11.168016527291163,491651.4937250724
288.8859700647797,3,2,15.1570524953202,306854.55956571567
147.83769837532068,1,2,5.247897780888368,157788.118819143
385.297914889198,1,4,3.943344005287132,401509.2460881406
404.31401944675895,5,1,1.7735546669128945,431959.3085133764
324.5108790277985,5,3,6.596028172415529,357191.67339331546
408.3868719818244,6,3,11.240901814945705,445138.69161883526
297.5182385457563,2,4,2.4052927499271273,319037.17999577086
309.0931317527976,3,4,7.5962377035372945,334573.8842120901
271.0164073434198,3,2,0.2805408525892268,291960.29917290196
110.16765069763808,6,3,16.39172046794685,145889.3066040487
143.15657079732176,4,1,2.656129490054508,165625.34489931088
112.5716742746937,2,4,5.738524670485073,133423.9693405967
354.56416450551217,6,1,0.4667116028905276,387470.82218493405
225.74239243053069,2,1,8.701591599460993,237002.0741106385
303.42827646588114,2,3,16.818417904550255,319064.5928849711
463.0265895704372,2,3,7.903809107759411,480445.8277488853
199.71689165954996,6,4,3.6719967361342847,240982.4923123231
264.1531692142519,3,3,15.09860679760533,285133.44785473077
402.22045541721945,3,3,15.79725893922781,423061.00362937385
191.51926619664897,2,3,3.557694158620579,209807.72736492485
130.7919639315172,4,1,15.439996759965695,150703.96457952404
215.90058116550722,1,4,18.951227976301126,229110.335570247
164.48851490160177,6,2,3.4109139799522192,199806.33210561133
471.87906093702924,1,1,15.442587421389495,476790.54345275136
423.2481518257668,4,3,14.200582891592322,449408.0352474483
353.36150260416935,6,1,9.52412037985826,384456.6785281977
448.58423607508706,2,3,1.252617165120086,467333.71264206304
421.4688307596458,3,3,1.586418913381295,445151.5469769695
174.62802355441434,1,1,17.06305171805309,179215.41321080373
457.0235993959911,5,4,19.803952617737878,490062.8088724435
315.7368967662603,5,3,13.553439918016412,347026.20878265705
422.976062065625,4,4,8.974570309505395,453181.1480037239
458.4365199693973,2,2,12.98671550369796,471839.1768686577
227.20138998874555,1,3,11.928477598648051,238815.69446901593
144.0207698110707,2,4,7.733883982071873,164473.99301465633
191.17406501677667,1,4,1.4059602770228576,207892.8729613721
270.8431154505025,4,2,16.448107653408076,293553.49391982093
427.20590636899726,4,4,7.499487231850618,457706.00892262714
444.2922333025374,5,4,16.393834302806166,478013.4664419762
102.78085221247628,2,2,5.1249241187988055,117755.86738871652
304.2989210310263,6,3,0.1204866489281046,343274.82370124065
266.9644012595116,5,4,3.2628718372074546,303311.8268920701
188.8431241882921,2,4,9.423934393694827,208958.33730955314
147.94614693347313,5,4,18.891642335660816,181167.81846634095
235.0460685614512,6,1,2.1336530319050078,267619.33795507014
477.16388156500767,3,2,17.098774511785162,494744.1266626506
229.2811728083021,3,1,10.587779514616054,245163.61690537888
307.51624869734644,3,2,16.535823239417944,325209.08404946286
381.2075835580711,3,3,6.0376511767008525,404000.05332273094
245.4518409517176,1,3,16.81494857698219,256088.85123632118
488.7128330883843,3,4,15.479173322334407,512616.9984239174
484.9789179768445,6,2,4.678068292325534,520043.30431837944
200.71291833014567,4,3,2.713569015546623,229170.20452703635
298.89940235695417,4,2,17.37428101839263,321424.54615327565
220.35132392670786,1,3,19.268409403458623,230497.64204601615
213.93619775098705,3,1,0.7229160435755732,231791.61454227194
114.75477894181311,3,3,14.652274332776342,135824.32407525784
343.82573359195874,3,1,18.199537767861585,358185.82603838644
301.07160929154463,5,3,17.161465832640722,331639.3161250165
120.59150049999573,2,4,19.29395739817715,138732.7090203603
211.45858569464457,5,1,15.225872160918133,236413.41126246096
463.3063543866615,2,3,8.901745371380112,480526.00531238544
195.82475626678897,3,4,6.3078446108530954,221563.18734461835
157.95794883648924,3,1,6.482780534718735,174661.39272954548
295.78110411102523,5,4,14.516011185020925,329877.90187402104
494.2601816442403,5,2,14.942156539416189,522271.75033635704
196.82210860460015,2,2,4.087146956619382,212004.67921327628
368.8542189623514,4,1,17.37564398846157,388379.0901646591
404.64784613148703,2,3,14.326988400024726,420782.4484514821
195.05501759695989,5,1,11.298730698233314,220795.27145731324
391.2865394447438,6,4,9.483495956040002,431389.84025353583
247.11325308770128,5,3,10.910332835220165,278931.18652065727
352.92233223743176,6,2,3.268990191757363,388268.5341990803
353.41188430435784,1,3,4.153654860597856,366581.1533322383
314.3098736299034,5,2,1.9141733590832144,344927.0389580868
136.11590802176332,1,3,3.157794959406142,149484.34902988208
434.1209982356952,4,3,9.128503328645124,461295.2975699662
228.31202598869433,2,3,10.654052435192295,245181.21550165588
174.6074041599417,6,4,0.45545166031855555,216516.31382787798
116.31005662190557,2,4,15.956276774494146,135118.80126700675
336.35717727529675,1,1,5.953942669535209,343166.38874138973
371.02574473691294,6,1,18.24553709570223,400376.6373177725
106.63513157114247,2,2,19.353474145914177,118764.43674195964
304.8372233197124,5,4,3.7906316060654213,341079.0969984993
190.59831007917518,3,2,9.295736086236646,209739.16286192785
358.06911616377994,1,1,0.12451351981187517,366044.2134598176
169.74657160199658,2,2,12.006712575936294,183345.22908680933
376.37509524098635,1,1,12.185398320427156,381938.015576901
254.69413852021495,1,4,5.026045116507165,270688.9294969135
474.6919954946938,6,3,11.212412184405638,511449.5130578127
155.0083776583973,6,4,4.588248834630335,196090.72789147124
236.4265404201034,3,2,3.300426834655982,256766.45505317222
145.38940849623563,5,2,13.065237389365066,173776.36101836263
469.8774473114251,1,4,6.5859167326462895,485560.26396489586
450.9357413523924,2,4,11.846252383823886,470566.4908756276
203.17665108606224,4,1,8.721610304535945,224432.32902515502
363.99361841367164,1,2,19.688593007317788,371055.8998122081
426.88888008048633,1,2,3.0766547890845586,437273.54912266944
322.0803246397849,3,4,9.345512073052621,347211.2222251744
311.8602313424026,5,3,13.641086864550571,343132.01396949246
196.74091636018068,4,2,7.971347169211375,221146.6469263384
137.2411071223597,6,3,19.496527052226728,172341.80171191433
458.8863031813307,6,4,14.465563795746005,497993.19042218145
460.1672228653322,2,4,13.17397876553341,479532.42711222544
353.24058290930714,4,1,15.165479425463342,373207.48702421447
235.61191641948028,6,2,19.05770789697047,267800.3748400862
239.68382984506437,2,3,18.165591194394338,255050.7116061855
390.38227154809573,5,1,14.513277631715596,415479.61602175265
458.84410398103086,2,2,15.008316618115533,471842.44065740774
454.8345697060469,6,1,3.0038492732993944,487233.79985138704
411.9502183430495,3,4,2.145568849404047,438521.10457316873
356.8126584617151,3,2,11.460999586698868,375520.4585443753
133.65598599801953,3,1,0.46551597511674603,151562.88280299617
164.6514856378455,6,1,9.698891992876671,195711.70723927015
459.4216754108317,3,3,4.285956640385485,482564.4840827546
342.57162386383595,4,1,6.9857296961323065,364174.4779246095
103.67882064665186,5,2,15.538514242279824,131571.1177981959
140.58861714641284,2,2,18.83062633422449,152822.49187956794
365.40070764322235,2,3,1.5410838157121958,384092.4908800799
102.02463353848748,6,2,10.731419898931257,135878.34955870124
164.32322056699945,3,4,17.66241636781004,187790.73729343744
319.49351574663444,3,2,1.7419198353643834,340145.1317795616
376.7580790770773,1,2,16.507829533246994,384456.5131704279
360.7845038010402,5,1,7.2202468834725995,387340.4544243457
189.7077237842239,4,1,6.509684574164773,211405.78686939095
384.8716885390144,2,2,19.551581087664236,396961.3723214815
194.89963499872005,1,3,4.097095888259654,208080.21582106812
230.1598792637071,1,1,13.89455942237135,235380.9673792328
398.59656204720966,6,3,16.446670487396343,434307.22794973035
359.85315961888585,2,2,0.9195515560575063,375669.24930767436
439.6893641976712,6,2,13.440670621252801,473001.2300734206
363.04515692013734,4,4,19.035844489671007,391237.98802220315
327.32344133418866,1,1,2.571977337888381,334809.045866611
137.469907131237,1,2,17.934803923432263,144882.94634655057
247.0863212237734,5,4,11.936055083801026,281699.1102070132
206.08094707269018,4,1,12.370431179063232,226606.86083687755
197.5958573516334,1,2,12.297589079825556,206136.3395356683
489.2042219009782,4,2,6.046834138112545,513994.85507335566
257.23908986670415,2,1,18.710516124459247,266496.9866418124
456.8186220708453,3,1,18.95227420635767,471028.1672295738
352.45545039890516,1,1,12.54356273825756,357946.73785125365
417.9245214166594,5,2,15.69011224623813,445786.4989674118
301.0548372420768,2,2,12.283933919035043,314598.0504582698
330.76155385054363,4,4,9.739529106723406,360813.6480291989
297.00707752754556,6,3,13.250320354155088,333357.0134567146
178.09719511921782,2,1,11.104728906579972,188876.24933790183
388.9808461046021,1,2,11.989769666375407,397582.892171327
212.30894497634233,4,2,15.69826781303535,235169.29141373525
109.72638657258153,3,1,9.669986245834798,125792.38932341457
358.1889183628671,2,3,0.9110067112402079,377006.7170206191
170.84427176281957,1,1,3.363589671690995,178171.55382848138
476.18343374116574,5,3,8.828283608141813,508417.77701953735
481.5714308010349,6,2,14.524048541493759,514666.62109273614
465.9457560881794,4,3,11.906245101372555,492564.5070679049
248.06348010217775,2,4,13.040854298881731,267455.3092424014
106.18264661154697,2,2,9.637650678668116,120255.11647581334
471.32742503509013,3,4,12.353266236650631,495856.77178776
271.2736593269257,3,1,6.647447012511777,287944.16992442333
486.6619276174678,5,1,9.456633594663634,512770.6008985351
485.44799083570115,6,1,14.911153405339615,515465.76015463326
441.203782186944,5,3,17.449472301565113,471713.887726631
217.77955682783426,1,2,8.729741145732138,227033.60859868783
254.0390914407701,1,1,0.9688669883764875,261845.3180430948
440.45466860674276,5,1,3.3172836285213725,467791.2118810385
226.76880206251107,6,2,0.5151366719016082,262665.7747281308
167.797098674437,5,1,13.099934082822868,193177.11185787243
322.72050498334005,6,4,6.7130610445666665,363377.8927744267
474.4619096643124,6,2,10.895324850815411,508282.8446941493
378.4119186699892,4,2,9.91620925099761,402428.67681978963
328.024468035746,6,2,1.7223771420932912,363679.99260732735
138.8705975083074,3,4,8.124901086364252,164245.61729103455
346.00289067966787,6,2,4.489166385954232,381105.057402477
496.0215400417053,6,4,8.426155794486288,536336.3088828081
156.0336060946096,6,2,4.151207778810629,191203.36453884747
307.33186094549467,1,3,16.825002884910976,317966.86036851245
450.94922877118216,3,1,3.5664473979072473,468235.9392916007
396.30744710168176,3,3,19.21953297459084,416463.5405067636
378.8062963981072,5,1,8.37655658632412,405130.9850808424
380.9936335948437,4,4,16.94028131117908,409605.5773326079
243.79646048790207,6,3,12.612419882298306,280273.9765114424
217.43673770579733,2,2,14.733470943448475,230490.04351710764
423.74446219140543,4,1,15.377705372528926,443668.92111689964
424.0453578716723,4,1,10.146413149671053,445016.0752417381
446.8289274320415,3,3,10.911680414929437,468646.5913490556
465.2962210225885,4,4,10.328517769393626,495230.5174687098
304.5369595443751,6,3,11.802361723992576,341176.48719957663
300.60651787487984,6,4,0.6849494705544951,342469.52798076894
419.31807158671006,1,4,7.970751879995403,434723.92121071095
359.98557231110607,6,1,12.163155399867312,390552.9412311326
380.7867509030813,6,3,11.994698948591699,417387.81111336296
418.31706777444043,3,3,15.879826282652067,439141.10251791007
456.00213672702654,6,4,13.134685842758959,495375.19955847476
235.19806274061432,1,3,19.84345299517938,245229.37214157844
250.2331810559776,2,2,5.748705119312035,265083.4400321152
137.5927759363476,3,2,7.247105490358005,157143.35483827602
331.3120563984696,2,3,7.738558322169145,348764.3447340358
114.37690951869683,3,3,9.369674859702945,136502.97454675625
286.2392072529841,5,4,16.736361469246066,319891.9349591349
317.05785388303065,4,2,4.7922626697882755,342099.401349073
214.61650085131376,5,2,15.542404120005045,242508.02002731274
336.3333042276043,6,1,8.165672643406293,367700.169698923
112.20009997561976,2,4,12.076922134873968,131784.71554864495
114.93927549968576,6,1,12.68755661120349,145401.7641774451
429.0402242638633,4,2,7.519687880059795,453536.2866878513
244.07625656450514,3,4,10.301042583595521,269016.04804778605
150.8242050607539,4,3,8.31932037548917,178160.34098565608
308.89730402192174,1,4,1.4757424451137269,325602.155532899
407.99742123944435,4,3,8.799591237454846,435237.5029919534
186.32841099873727,1,3,2.038128511815688,199920.78529637412
349.15619032760014,4,4,8.159913901698397,379524.2075472605
134.1389859975072,1,3,11.899076156652457,145759.1707661767
120.67268846744308,2,1,11.630356496935663,131346.61716805593
312.54185262725923,6,2,13.286163452265574,345884.6199368061
316.2540486440426,6,3,1.9957040082970632,354854.90784238314
354.9719605992826,5,1,13.077252586055712,380356.5100820715
390.43653348906463,6,3,6.311746328259296,428174.18422341277
490.34083178501385,3,2,8.04101432812851,509732.62891938817
306.52013932047817,4,1,17.173926453061846,326085.3540298658
229.1825891764984,5,2,0.27970504217805003,260126.64816806276
418.0744779074815,3,2,11.809411403478046,436712.5956267859
208.3329005048297,3,1,12.01440820399214,223930.01886403124
275.5885682822544,1,1,7.993529549236882,281989.862372407
131.3825525369064,6,1,4.816854356455889,163419.1816656152
110.140297366183,2,4,4.770013361404866,131186.29469390205
485.05936587117003,2,1,17.685822426248976,494522.2013859202
434.3920482048823,5,1,8.896285038278863,460612.79119722656
378.38968243747917,2,1,6.684698323484521,390052.7427727822
263.58117776570793,4,1,9.03067371924492,284775.04302185896
169.3177280283383,2,3,13.42086898904129,185633.55423053005
162.5748170684344,5,4,3.0005557080705585,198974.7059268203
200.09715926583812,2,2,9.043733320753379,214288.41260168745
319.69066588244823,4,1,11.798898985096699,340330.8860854289
385.83836908002496,1,3,18.97680876154353,396043.0073277162
364.0789506870925,5,3,5.125302863300843,397053.8901144323
211.97355877837714,1,3,7.249089883533286,224523.74080167047
481.94611226527763,1,2,7.649235939456232,491416.2650773864
395.1587666783074,1,1,12.150209337133168,400728.7248108808
321.7416210045603,3,4,7.198967855496032,347301.82743346103
344.6882984937409,6,4,10.71688731346394,384544.9210310481
267.84002497111595,3,3,15.657627563916083,288708.4994583327
199.09239580046298,6,2,14.137173322832849,232264.96113589642
242.38907146050462,1,2,8.982736065600452,251592.52424738454
403.13844418574763,5,2,17.297901935715963,430678.86379860446
105.75739545190234,6,4,11.20699096691787,145515.9972585188
146.4290562027665,4,3,10.844126206094028,173260.2309615477
118.4010568087011,4,1,0.7803365421892476,141244.98950026327
116.29152092758805,2,4,19.735190309107516,134344.48286576653
442.1842336044029,6,3,2.5471190897395717,480674.80978645495
381.46314375200944,5,3,4.699505157310167,414523.2427205474
289.6695316349301,3,1,1.1287670611063865,307443.7782227088
139.1336642604006,1,1,12.836059040054582,144566.4524523897
296.64635004673295,2,1,4.571553421756331,308732.0393623817
289.3887083122263,4,2,3.6822077057071976,314652.26677108486
169.28074796400608,3,1,1.8622561260425037,186908.2967387976
273.5406596951892,3,3,2.1558482467679116,297109.4900458356
259.40189375894937,1,1,11.734946938807514,265054.90437118785
346.3400392208866,6,3,13.795336530745248,382580.97191473754
354.0374603470575,4,4,8.00784187044158,384435.89197296917
118.1216039088178,5,2,9.649951923682256,147191.61352408136
249.8450458505885,3,4,13.750757946061382,274094.8942613762
350.3439662856946,1,4,0.44585782469104474,367254.79472075636
301.2545034320351,5,3,6.530300075698542,333948.4434168954
442.5959364753289,6,4,19.464645186599896,480703.00743800896
363.477452647578,4,3,11.644233370939814,390148.60597339
165.17377083257188,6,1,5.159069139960115,197141.95700457986
128.22749896017194,3,1,10.482427928060641,144131.0133745598
356.96771128252624,5,3,6.918804413606215,389583.95039980503
110.60452421664873,5,1,10.691675277643352,136466.18916112004
334.3102325093853,5,2,2.6022560849523115,364789.7812923948
476.092096569983,3,4,2.7410216110036196,502543.8922477823
330.1896711503516,3,2,2.9564930045839177,350598.37254943483
255.26797048260877,6,4,18.80241385934415,293507.48771073995
357.3152873769413,2,1,14.6846884749927,367378.3496819428
283.30115619660666,6,2,3.3313997037801855,318634.8762558506
318.24671572637396,4,1,3.8481467669354688,340477.08637298684
476.5859235106101,1,4,14.643506549930438,490657.222200624
254.4410551203097,5,3,3.2076605113642613,287799.52301803685
484.4762255295657,2,3,4.76776973736309,502522.6715820931
462.14025678242547,1,2,19.27060197312594,469286.1363878003
178.31645391571857,2,1,5.180599842095793,190280.3339472994
127.74452035006618,6,1,13.266483772385818,158091.22359558902
140.31120055097065,3,2,19.574762619270555,157396.24802711653
107.28873026061989,5,3,7.548505666081873,139779.0291274035
137.77718430237135,6,4,0.44856821815503845,179687.47065874035
373.20270936654276,1,2,4.9585310794052475,383211.0031506617
128.4754593840916,1,4,16.63445610769994,142148.56816255162
227.59025211750452,1,3,17.30571583550523,238129.10895040346
437.95012438778184,1,1,15.393535354023443,442871.41731697717
109.30877429433035,1,3,2.3508853996238033,122838.59721440558
425.7873930355743,2,2,15.93065639675842,438601.2617562227
212.74190990935998,6,1,18.381688160170736,242065.57227732582
147.2659310486625,5,2,12.052129896670097,175855.5050693285
378.6948661456603,3,2,18.82341959112749,395930.18222743477
351.5771387119536,3,3,16.55409378586636,372266.31995478034
450.98880541082116,6,2,13.372733188119053,484314.25877319736
394.02841752155433,6,3,11.585986210563787,430711.22027944156
421.39237215393945,3,1,7.036615978115211,437985.0489583164
212.8138290285226,3,3,3.269820160331822,236159.86499645622
170.97581751188915,2,1,12.13858306154176,181548.1008995808
400.24590065634334,4,3,6.430419917000577,427959.8166729432
422.7338957069056,5,4,17.342129483800143,456265.4698101456
496.2020568002693,1,4,19.867405053436705,509228.5757895819
265.0470707645706,4,2,15.073312476049892,288032.40826936066
248.80723431711326,6,3,1.9005857362123098,287427.1171698708
410.56518429679875,3,3,5.844843351059698,433396.2156265868
236.32141610120715,4,1,2.2712816721384197,258867.15976677946
472.3029302414259,5,2,13.045181791055143,500693.89388321486
443.3651007372047,6,3,15.327298204660114,479299.6410962727
271.5976109500074,1,2,18.520929134526163,278893.42512310215
400.34842711659894,1,4,8.819629693598554,415584.5011778792
401.81714963387293,5,3,18.03737542681004,432209.67454851087
141.24954753437305,5,3,17.570034064922417,171735.5407213886
461.0211626718267,3,2,6.412194763631431,480738.72371910035
302.10094897914286,1,3,17.391122448257363,312622.72448949143
430.5829864430967,6,2,7.575877812446356,465067.8108806074
228.0198404122447,4,3,6.007698563749587,255818.30069949478
458.2092913984802,6,1,13.016585710008421,488605.97425647854
255.68067149366524,2,2,6.634786434913113,270353.71420668263
104.33506059211935,2,3,12.641154091749968,120806.82977376935
462.15279056770544,5,4,12.23565292942402,496705.6599818207
136.51467071445342,3,3,11.312434654234329,158252.18378360654
227.72545503616595,2,4,7.670352114232673,248191.38461331942
480.024786820322,1,4,11.015144460864386,494821.75792814913
480.24285877502246,6,1,11.970060952209888,510848.8465845805
329.37515524931445,6,2,10.95916908105992,363183.3214331025
352.73488486791973,5,3,8.94394710974891,384946.09544596996
279.3782087913279,4,1,0.3918744352206498,302299.83390428376
217.28430867922583,5,3,11.782527983252903,248927.80308257524
231.4658181479664,4,4,3.4520432643401207,262775.4094950984
369.00738243081537,5,2,12.887261782049071,397429.93007440557
400.949811775072,5,3,15.210952125665031,431907.621349939
416.6316174903394,5,3,10.058861651701754,448619.84515999904
415.8472571178215,4,4,10.893036933096791,445668.64973120217
136.48244121947613,4,3,19.034423337353225,161675.5565520055
297.7681218810326,5,3,16.958630491314228,328376.3957827698
123.02350400665772,2,4,18.29330666743425,141364.84267317088
319.8115529294942,3,1,16.29394913755977,334552.7631019823
276.6122005493508,3,4,2.2674750027499555,303158.7055488008
455.08167310331993,3,1,3.0649379338068745,472468.6855165586
240.36600502083147,4,2,10.579813565652294,264250.042307701
146.82680657104234,4,1,4.996786210080164,168827.4493290263
157.19667282113434,2,1,9.586239953319067,168279.42483047053
404.6042526869889,3,2,7.947869943985168,424014.6786981919
347.2872253265044,3,1,11.03334334476602,363080.55665755126
140.4490704491161,5,4,14.96282675110287,174456.50509889555
133.64272244599897,4,1,14.33826905127556,153775.06863574387
380.387652583648,3,2,10.472559236458153,399293.1407363564
129.1052025456774,6,4,16.465629034459457,167812.07673878552
428.74402371614246,2,2,8.674155621606863,443009.1925918211
382.4968908625985,6,2,17.944614367818435,414907.9679890348
132.5395122567599,6,3,1.5184773740977617,171235.81678194038
133.93508563407676,2,3,19.097734597662818,149115.5387145442
494.65583140047016,6,2,13.128392320483828,528030.1529363734
249.70831830244813,3,2,7.6634827278503845,269175.62175687804
248.25685882675637,4,2,4.023367118800259,273452.1854029963
425.119826903001,2,3,9.635746265927638,442192.67764981545
478.89943095354346,5,3,3.9717106313874893,512105.08882726595
494.4004255291484,6,1,3.4099989940885287,526718.4257303308
401.35127410357666,2,1,12.385299972518185,411874.21410907304
250.5038342123663,1,2,10.509386019177514,259401.95700853082
133.4002866794675,1,4,13.434911088757739,147713.30446171595
410.8587663709747,4,4,18.599156960697584,439138.93497883517
323.361699894322,3,3,10.691978245446899,345223.3042452326
269.6888036987905,4,3,11.660547859929673,296356.69412680453
462.5417540378944,4,3,1.8835641491833481,491165.0412080578
144.47899292246052,4,2,14.380952139581726,167602.80249454416
297.0500417163437,4,4,8.058113615402707,327438.4189932631
104.54145790696762,5,1,19.53683224938532,128634.09145709054
287.4642567976505,5,2,16.48116291035364,315168.02421557973
122.52131027273494,2,1,10.497372706270754,133421.8357314808
147.52716650722877,1,1,2.552130818026104,155016.74034362356
147.01049871084194,4,2,17.202374286283725,169570.02385358518
359.6841208464254,2,1,16.01564379893803,369480.9920866378
398.41795170616933,1,4,3.7732440777869565,414663.3028906119
333.34750603886386,6,1,5.97603795548417,365152.29844776704
484.86901938981674,3,4,15.88880443714196,508691.2585023883
249.94823180948163,5,4,3.786046086293452,286191.02259222296
214.28483451274428,6,4,18.36327453451041,252612.1796058422
447.4396512757841,1,3,8.5480957614076,459730.03212350263
189.43833540778104,6,1,1.832075355494407,222071.92033668215
485.2890157762445,3,2,16.33339800573519,503022.3361750975
104.86178987592653,1,2,7.5328426924639125,114355.22133743376
487.95153068305564,6,1,10.57733396366024,518836.06389032357
117.26396478023045,5,3,2.3348564537832615,150796.9934894738
456.45724547922845,5,3,0.15142189541514947,490426.9611001454
311.08044363451995,2,4,12.795905595286621,330521.2625154626
497.18591844772016,6,1,10.351985889641258,528115.5212697919
129.51862589415956,4,1,11.911417525550627,150136.34238904942
321.5417137605283,6,2,15.895502622572273,354362.61323601386
487.7210142476396,1,1,12.967457677114915,493127.5227122166
309.2391376680595,1,3,3.5779915122648056,322523.53936560656
351.759455254105,6,1,7.279373130300936,383303.5806280448
378.29947559384686,3,2,18.127232985276432,395674.0289967916
281.8164259071093,5,4,15.421899535008409,315732.0460001076
351.0232320336254,1,2,11.177077452940672,359787.81654303725
333.72572476924006,5,2,5.187335456404518,363688.25767795916
460.46320419639557,1,4,6.11100398651242,476241.0033990931
118.17855213658315,2,2,14.665965544954126,131245.35902759232
212.38527583689213,4,2,17.03836779097014,234977.60227869812
480.1645936306235,1,1,13.461350923659225,485472.3234458916
456.10551355636653,5,1,16.20964651779199,480863.5842528081
282.26270111428516,2,4,15.356457090488078,301191.40969618753
348.0530391206147,1,1,3.079108962343459,355437.217328146
210.95247319245306,3,1,8.536501776974708,227245.1728370581
175.24846388950454,4,2,3.144377636488397,200619.58836220685
285.4793619759929,1,3,4.781188137559497,298523.124348481
241.34089121042112,2,1,17.398266530555947,250861.23790430994
333.4624447403488,3,3,9.510550116100324,355560.3347171287
131.09385478599393,6,1,10.75362622666895,161943.12954066013
489.7579230664666,2,1,3.651074708032665,502027.70812486013
494.48429779184113,2,4,6.31420854237104,515221.45608336694
